date,solexs,hel1os_hours,goes_avg1m,both
2026-07-01,True,24.0,True,True
2026-07-02,True,24.0,True,True
2026-07-03,True,23.8,True,True
2026-07-04,True,24.0,True,True
2026-07-05,True,22.6,True,True
2026-07-06,True,24.0,True,True
2026-07-07,True,24.0,True,True
2026-07-08,True,24.0,True,True
2026-07-09,True,24.0,True,True
2026-07-10,True,24.0,True,True
2026-07-11,True,24.0,True,True
2026-07-12,True,24.0,True,True
2026-07-13,True,24.0,True,True
2026-07-14,True,12.0,True,False
2026-07-15,True,24.0,True,True
2026-07-16,True,23.8,True,True
2026-07-17,True,24.0,True,True
2026-07-18,True,24.0,True,True
2026-07-19,True,12.0,True,False
2026-07-20,True,24.0,True,True
2026-07-21,True,24.0,True,True
2026-07-22,True,23.8,True,True
2026-07-23,True,24.0,True,True
2026-07-24,True,12.0,True,False
2026-07-25,True,24.0,True,True
2026-07-26,True,23.8,True,True
2026-07-27,True,24.0,True,True
2026-07-28,True,24.0,True,True
2026-07-29,True,24.0,True,True
2026-07-30,True,24.0,True,True
2026-07-31,True,0.0,True,False
2026-08-01,True,24.0,True,True
2026-08-02,True,24.0,True,True
2026-08-03,True,24.0,True,True
2026-08-04,True,24.0,True,True
2026-08-05,True,24.0,True,True
2026-08-06,True,23.8,True,True
2026-08-07,True,23.8,True,True
2026-08-08,True,24.0,True,True
2026-08-09,True,24.0,True,True
2026-08-10,False,24.0,True,False
2026-08-11,False,24.0,True,False
2026-08-12,False,24.0,True,False
2026-08-13,True,12.0,True,False
2026-08-14,True,24.0,True,True
2026-08-15,True,0.0,True,False
2026-08-16,False,0.0,True,False
2026-08-17,False,0.0,True,False
2026-08-18,False,0.0,True,False
2026-08-19,False,0.0,True,False
2026-08-20,False,0.0,True,False
2026-08-21,False,0.0,True,False
2026-08-22,False,0.0,True,False
2026-08-23,False,0.0,True,False
2026-08-24,False,0.0,True,False
2026-08-25,False,0.0,True,False
2026-08-26,False,0.0,True,False
2026-08-27,False,0.0,True,False
2026-08-28,False,0.0,True,False
2026-08-29,False,0.0,True,False
2026-08-30,False,0.0,True,False
2026-08-31,False,0.0,True,False
2026-09-01,True,23.8,True,True
2026-09-02,True,24.0,True,True
2026-09-03,True,24.0,True,True
2026-09-04,True,23.8,True,True
2026-09-05,True,24.0,True,True
2026-09-06,True,24.0,True,True
2026-09-07,True,24.0,True,True
2026-09-08,True,24.0,True,True
2026-09-09,True,24.0,True,True
2026-09-10,True,24.0,True,True
2026-09-11,True,24.0,True,True
2026-09-12,True,24.0,True,True
2026-09-13,True,23.8,True,True
2026-09-14,True,24.0,True,True
2026-09-15,True,0.0,True,False
