instrument,filename,path,size_mb,start_utc,end_utc,sha256
goes_avg1m,sci_xrsf-l2-avg1m_g19_d20260701_v2-2-1.nc,data/raw/goes/avg1m/sci_xrsf-l2-avg1m_g19_d20260701_v2-2-1.nc,0.3,2026-07-01 00:00:00,2026-07-02 00:00:00,
goes_avg1m,sci_xrsf-l2-avg1m_g19_d20260702_v2-2-1.nc,data/raw/goes/avg1m/sci_xrsf-l2-avg1m_g19_d20260702_v2-2-1.nc,0.3,2026-07-02 00:00:00,2026-07-03 00:00:00,
goes_avg1m,sci_xrsf-l2-avg1m_g19_d20260703_v2-2-1.nc,data/raw/goes/avg1m/sci_xrsf-l2-avg1m_g19_d20260703_v2-2-1.nc,0.3,2026-07-03 00:00:00,2026-07-04 00:00:00,
goes_avg1m,sci_xrsf-l2-avg1m_g19_d20260704_v2-2-1.nc,data/raw/goes/avg1m/sci_xrsf-l2-avg1m_g19_d20260704_v2-2-1.nc,0.3,2026-07-04 00:00:00,2026-07-05 00:00:00,
goes_avg1m,sci_xrsf-l2-avg1m_g19_d20260705_v2-2-1.nc,data/raw/goes/avg1m/sci_xrsf-l2-avg1m_g19_d20260705_v2-2-1.nc,0.3,2026-07-05 00:00:00,2026-07-06 00:00:00,
goes_avg1m,sci_xrsf-l2-avg1m_g19_d20260706_v2-2-1.nc,data/raw/goes/avg1m/sci_xrsf-l2-avg1m_g19_d20260706_v2-2-1.nc,0.3,2026-07-06 00:00:00,2026-07-07 00:00:00,
goes_avg1m,sci_xrsf-l2-avg1m_g19_d20260707_v2-2-1.nc,data/raw/goes/avg1m/sci_xrsf-l2-avg1m_g19_d20260707_v2-2-1.nc,0.3,2026-07-07 00:00:00,2026-07-08 00:00:00,
goes_avg1m,sci_xrsf-l2-avg1m_g19_d20260708_v2-2-1.nc,data/raw/goes/avg1m/sci_xrsf-l2-avg1m_g19_d20260708_v2-2-1.nc,0.29,2026-07-08 00:00:00,2026-07-09 00:00:00,
goes_avg1m,sci_xrsf-l2-avg1m_g19_d20260709_v2-2-1.nc,data/raw/goes/avg1m/sci_xrsf-l2-avg1m_g19_d20260709_v2-2-1.nc,0.29,2026-07-09 00:00:00,2026-07-10 00:00:00,
goes_avg1m,sci_xrsf-l2-avg1m_g19_d20260710_v2-2-1.nc,data/raw/goes/avg1m/sci_xrsf-l2-avg1m_g19_d20260710_v2-2-1.nc,0.29,2026-07-10 00:00:00,2026-07-11 00:00:00,
goes_avg1m,sci_xrsf-l2-avg1m_g19_d20260711_v2-2-1.nc,data/raw/goes/avg1m/sci_xrsf-l2-avg1m_g19_d20260711_v2-2-1.nc,0.29,2026-07-11 00:00:00,2026-07-12 00:00:00,
goes_avg1m,sci_xrsf-l2-avg1m_g19_d20260712_v2-2-1.nc,data/raw/goes/avg1m/sci_xrsf-l2-avg1m_g19_d20260712_v2-2-1.nc,0.29,2026-07-12 00:00:00,2026-07-13 00:00:00,
goes_avg1m,sci_xrsf-l2-avg1m_g19_d20260713_v2-2-1.nc,data/raw/goes/avg1m/sci_xrsf-l2-avg1m_g19_d20260713_v2-2-1.nc,0.29,2026-07-13 00:00:00,2026-07-14 00:00:00,
goes_avg1m,sci_xrsf-l2-avg1m_g19_d20260714_v2-2-1.nc,data/raw/goes/avg1m/sci_xrsf-l2-avg1m_g19_d20260714_v2-2-1.nc,0.29,2026-07-14 00:00:00,2026-07-15 00:00:00,
goes_avg1m,sci_xrsf-l2-avg1m_g19_d20260715_v2-2-1.nc,data/raw/goes/avg1m/sci_xrsf-l2-avg1m_g19_d20260715_v2-2-1.nc,0.28,2026-07-15 00:00:00,2026-07-16 00:00:00,
goes_avg1m,sci_xrsf-l2-avg1m_g19_d20260716_v2-2-1.nc,data/raw/goes/avg1m/sci_xrsf-l2-avg1m_g19_d20260716_v2-2-1.nc,0.21,2026-07-16 00:00:00,2026-07-17 00:00:00,
goes_avg1m,sci_xrsf-l2-avg1m_g19_d20260717_v2-2-1.nc,data/raw/goes/avg1m/sci_xrsf-l2-avg1m_g19_d20260717_v2-2-1.nc,0.22,2026-07-17 00:00:00,2026-07-18 00:00:00,
goes_avg1m,sci_xrsf-l2-avg1m_g19_d20260718_v2-2-1.nc,data/raw/goes/avg1m/sci_xrsf-l2-avg1m_g19_d20260718_v2-2-1.nc,0.29,2026-07-18 00:00:00,2026-07-19 00:00:00,
goes_avg1m,sci_xrsf-l2-avg1m_g19_d20260719_v2-2-1.nc,data/raw/goes/avg1m/sci_xrsf-l2-avg1m_g19_d20260719_v2-2-1.nc,0.29,2026-07-19 00:00:00,2026-07-20 00:00:00,
goes_avg1m,sci_xrsf-l2-avg1m_g19_d20260720_v2-2-1.nc,data/raw/goes/avg1m/sci_xrsf-l2-avg1m_g19_d20260720_v2-2-1.nc,0.3,2026-07-20 00:00:00,2026-07-21 00:00:00,
goes_avg1m,sci_xrsf-l2-avg1m_g19_d20260721_v2-2-1.nc,data/raw/goes/avg1m/sci_xrsf-l2-avg1m_g19_d20260721_v2-2-1.nc,0.3,2026-07-21 00:00:00,2026-07-22 00:00:00,
goes_avg1m,sci_xrsf-l2-avg1m_g19_d20260722_v2-2-1.nc,data/raw/goes/avg1m/sci_xrsf-l2-avg1m_g19_d20260722_v2-2-1.nc,0.29,2026-07-22 00:00:00,2026-07-23 00:00:00,
goes_avg1m,sci_xrsf-l2-avg1m_g19_d20260723_v2-2-1.nc,data/raw/goes/avg1m/sci_xrsf-l2-avg1m_g19_d20260723_v2-2-1.nc,0.29,2026-07-23 00:00:00,2026-07-24 00:00:00,
goes_avg1m,sci_xrsf-l2-avg1m_g19_d20260724_v2-2-1.nc,data/raw/goes/avg1m/sci_xrsf-l2-avg1m_g19_d20260724_v2-2-1.nc,0.29,2026-07-24 00:00:00,2026-07-25 00:00:00,
goes_avg1m,sci_xrsf-l2-avg1m_g19_d20260725_v2-2-1.nc,data/raw/goes/avg1m/sci_xrsf-l2-avg1m_g19_d20260725_v2-2-1.nc,0.29,2026-07-25 00:00:00,2026-07-26 00:00:00,
goes_avg1m,sci_xrsf-l2-avg1m_g19_d20260726_v2-2-1.nc,data/raw/goes/avg1m/sci_xrsf-l2-avg1m_g19_d20260726_v2-2-1.nc,0.29,2026-07-26 00:00:00,2026-07-27 00:00:00,
goes_avg1m,sci_xrsf-l2-avg1m_g19_d20260727_v2-2-1.nc,data/raw/goes/avg1m/sci_xrsf-l2-avg1m_g19_d20260727_v2-2-1.nc,0.29,2026-07-27 00:00:00,2026-07-28 00:00:00,
goes_avg1m,sci_xrsf-l2-avg1m_g19_d20260728_v2-2-1.nc,data/raw/goes/avg1m/sci_xrsf-l2-avg1m_g19_d20260728_v2-2-1.nc,0.29,2026-07-28 00:00:00,2026-07-29 00:00:00,
goes_avg1m,sci_xrsf-l2-avg1m_g19_d20260729_v2-2-1.nc,data/raw/goes/avg1m/sci_xrsf-l2-avg1m_g19_d20260729_v2-2-1.nc,0.29,2026-07-29 00:00:00,2026-07-30 00:00:00,
goes_avg1m,sci_xrsf-l2-avg1m_g19_d20260730_v2-2-1.nc,data/raw/goes/avg1m/sci_xrsf-l2-avg1m_g19_d20260730_v2-2-1.nc,0.29,2026-07-30 00:00:00,2026-07-31 00:00:00,
goes_avg1m,sci_xrsf-l2-avg1m_g19_d20260731_v2-2-1.nc,data/raw/goes/avg1m/sci_xrsf-l2-avg1m_g19_d20260731_v2-2-1.nc,0.29,2026-07-31 00:00:00,2026-08-01 00:00:00,
goes_avg1m,sci_xrsf-l2-avg1m_g19_d20260801_v2-2-1.nc,data/raw/goes/avg1m/sci_xrsf-l2-avg1m_g19_d20260801_v2-2-1.nc,0.29,2026-08-01 00:00:00,2026-08-02 00:00:00,
goes_avg1m,sci_xrsf-l2-avg1m_g19_d20260802_v2-2-1.nc,data/raw/goes/avg1m/sci_xrsf-l2-avg1m_g19_d20260802_v2-2-1.nc,0.29,2026-08-02 00:00:00,2026-08-03 00:00:00,
goes_avg1m,sci_xrsf-l2-avg1m_g19_d20260803_v2-2-1.nc,data/raw/goes/avg1m/sci_xrsf-l2-avg1m_g19_d20260803_v2-2-1.nc,0.29,2026-08-03 00:00:00,2026-08-04 00:00:00,
goes_avg1m,sci_xrsf-l2-avg1m_g19_d20260804_v2-2-1.nc,data/raw/goes/avg1m/sci_xrsf-l2-avg1m_g19_d20260804_v2-2-1.nc,0.29,2026-08-04 00:00:00,2026-08-05 00:00:00,
goes_avg1m,sci_xrsf-l2-avg1m_g19_d20260805_v2-2-1.nc,data/raw/goes/avg1m/sci_xrsf-l2-avg1m_g19_d20260805_v2-2-1.nc,0.29,2026-08-05 00:00:00,2026-08-06 00:00:00,
goes_avg1m,sci_xrsf-l2-avg1m_g19_d20260806_v2-2-1.nc,data/raw/goes/avg1m/sci_xrsf-l2-avg1m_g19_d20260806_v2-2-1.nc,0.29,2026-08-06 00:00:00,2026-08-07 00:00:00,
goes_avg1m,sci_xrsf-l2-avg1m_g19_d20260807_v2-2-1.nc,data/raw/goes/avg1m/sci_xrsf-l2-avg1m_g19_d20260807_v2-2-1.nc,0.29,2026-08-07 00:00:00,2026-08-08 00:00:00,
goes_avg1m,sci_xrsf-l2-avg1m_g19_d20260808_v2-2-1.nc,data/raw/goes/avg1m/sci_xrsf-l2-avg1m_g19_d20260808_v2-2-1.nc,0.29,2026-08-08 00:00:00,2026-08-09 00:00:00,
goes_avg1m,sci_xrsf-l2-avg1m_g19_d20260809_v2-2-1.nc,data/raw/goes/avg1m/sci_xrsf-l2-avg1m_g19_d20260809_v2-2-1.nc,0.29,2026-08-09 00:00:00,2026-08-10 00:00:00,
goes_avg1m,sci_xrsf-l2-avg1m_g19_d20260810_v2-2-1.nc,data/raw/goes/avg1m/sci_xrsf-l2-avg1m_g19_d20260810_v2-2-1.nc,0.29,2026-08-10 00:00:00,2026-08-11 00:00:00,
goes_avg1m,sci_xrsf-l2-avg1m_g19_d20260811_v2-2-1.nc,data/raw/goes/avg1m/sci_xrsf-l2-avg1m_g19_d20260811_v2-2-1.nc,0.29,2026-08-11 00:00:00,2026-08-12 00:00:00,
goes_avg1m,sci_xrsf-l2-avg1m_g19_d20260812_v2-2-1.nc,data/raw/goes/avg1m/sci_xrsf-l2-avg1m_g19_d20260812_v2-2-1.nc,0.29,2026-08-12 00:00:00,2026-08-13 00:00:00,
goes_avg1m,sci_xrsf-l2-avg1m_g19_d20260813_v2-2-1.nc,data/raw/goes/avg1m/sci_xrsf-l2-avg1m_g19_d20260813_v2-2-1.nc,0.29,2026-08-13 00:00:00,2026-08-14 00:00:00,
goes_avg1m,sci_xrsf-l2-avg1m_g19_d20260814_v2-2-1.nc,data/raw/goes/avg1m/sci_xrsf-l2-avg1m_g19_d20260814_v2-2-1.nc,0.29,2026-08-14 00:00:00,2026-08-15 00:00:00,
goes_avg1m,sci_xrsf-l2-avg1m_g19_d20260815_v2-2-1.nc,data/raw/goes/avg1m/sci_xrsf-l2-avg1m_g19_d20260815_v2-2-1.nc,0.29,2026-08-15 00:00:00,2026-08-16 00:00:00,
goes_avg1m,sci_xrsf-l2-avg1m_g19_d20260816_v2-2-1.nc,data/raw/goes/avg1m/sci_xrsf-l2-avg1m_g19_d20260816_v2-2-1.nc,0.3,2026-08-16 00:00:00,2026-08-17 00:00:00,
goes_avg1m,sci_xrsf-l2-avg1m_g19_d20260817_v2-2-1.nc,data/raw/goes/avg1m/sci_xrsf-l2-avg1m_g19_d20260817_v2-2-1.nc,0.29,2026-08-17 00:00:00,2026-08-18 00:00:00,
goes_avg1m,sci_xrsf-l2-avg1m_g19_d20260818_v2-2-1.nc,data/raw/goes/avg1m/sci_xrsf-l2-avg1m_g19_d20260818_v2-2-1.nc,0.3,2026-08-18 00:00:00,2026-08-19 00:00:00,
goes_avg1m,sci_xrsf-l2-avg1m_g19_d20260819_v2-2-1.nc,data/raw/goes/avg1m/sci_xrsf-l2-avg1m_g19_d20260819_v2-2-1.nc,0.3,2026-08-19 00:00:00,2026-08-20 00:00:00,
goes_avg1m,sci_xrsf-l2-avg1m_g19_d20260820_v2-2-1.nc,data/raw/goes/avg1m/sci_xrsf-l2-avg1m_g19_d20260820_v2-2-1.nc,0.3,2026-08-20 00:00:00,2026-08-21 00:00:00,
goes_avg1m,sci_xrsf-l2-avg1m_g19_d20260821_v2-2-1.nc,data/raw/goes/avg1m/sci_xrsf-l2-avg1m_g19_d20260821_v2-2-1.nc,0.3,2026-08-21 00:00:00,2026-08-22 00:00:00,
goes_avg1m,sci_xrsf-l2-avg1m_g19_d20260822_v2-2-1.nc,data/raw/goes/avg1m/sci_xrsf-l2-avg1m_g19_d20260822_v2-2-1.nc,0.29,2026-08-22 00:00:00,2026-08-23 00:00:00,
goes_avg1m,sci_xrsf-l2-avg1m_g19_d20260823_v2-2-1.nc,data/raw/goes/avg1m/sci_xrsf-l2-avg1m_g19_d20260823_v2-2-1.nc,0.29,2026-08-23 00:00:00,2026-08-24 00:00:00,
goes_avg1m,sci_xrsf-l2-avg1m_g19_d20260824_v2-2-1.nc,data/raw/goes/avg1m/sci_xrsf-l2-avg1m_g19_d20260824_v2-2-1.nc,0.29,2026-08-24 00:00:00,2026-08-25 00:00:00,
goes_avg1m,sci_xrsf-l2-avg1m_g19_d20260825_v2-2-1.nc,data/raw/goes/avg1m/sci_xrsf-l2-avg1m_g19_d20260825_v2-2-1.nc,0.3,2026-08-25 00:00:00,2026-08-26 00:00:00,
goes_avg1m,sci_xrsf-l2-avg1m_g19_d20260826_v2-2-1.nc,data/raw/goes/avg1m/sci_xrsf-l2-avg1m_g19_d20260826_v2-2-1.nc,0.29,2026-08-26 00:00:00,2026-08-27 00:00:00,
goes_avg1m,sci_xrsf-l2-avg1m_g19_d20260827_v2-2-1.nc,data/raw/goes/avg1m/sci_xrsf-l2-avg1m_g19_d20260827_v2-2-1.nc,0.29,2026-08-27 00:00:00,2026-08-28 00:00:00,
goes_avg1m,sci_xrsf-l2-avg1m_g19_d20260828_v2-2-1.nc,data/raw/goes/avg1m/sci_xrsf-l2-avg1m_g19_d20260828_v2-2-1.nc,0.29,2026-08-28 00:00:00,2026-08-29 00:00:00,
goes_avg1m,sci_xrsf-l2-avg1m_g19_d20260829_v2-2-1.nc,data/raw/goes/avg1m/sci_xrsf-l2-avg1m_g19_d20260829_v2-2-1.nc,0.29,2026-08-29 00:00:00,2026-08-30 00:00:00,
goes_avg1m,sci_xrsf-l2-avg1m_g19_d20260830_v2-2-1.nc,data/raw/goes/avg1m/sci_xrsf-l2-avg1m_g19_d20260830_v2-2-1.nc,0.29,2026-08-30 00:00:00,2026-08-31 00:00:00,
goes_avg1m,sci_xrsf-l2-avg1m_g19_d20260831_v2-2-1.nc,data/raw/goes/avg1m/sci_xrsf-l2-avg1m_g19_d20260831_v2-2-1.nc,0.29,2026-08-31 00:00:00,2026-09-01 00:00:00,
goes_avg1m,sci_xrsf-l2-avg1m_g19_d20260901_v2-2-1.nc,data/raw/goes/avg1m/sci_xrsf-l2-avg1m_g19_d20260901_v2-2-1.nc,0.29,2026-09-01 00:00:00,2026-09-02 00:00:00,
goes_avg1m,sci_xrsf-l2-avg1m_g19_d20260902_v2-2-1.nc,data/raw/goes/avg1m/sci_xrsf-l2-avg1m_g19_d20260902_v2-2-1.nc,0.29,2026-09-02 00:00:00,2026-09-03 00:00:00,
goes_avg1m,sci_xrsf-l2-avg1m_g19_d20260903_v2-2-1.nc,data/raw/goes/avg1m/sci_xrsf-l2-avg1m_g19_d20260903_v2-2-1.nc,0.3,2026-09-03 00:00:00,2026-09-04 00:00:00,
goes_avg1m,sci_xrsf-l2-avg1m_g19_d20260904_v2-2-1.nc,data/raw/goes/avg1m/sci_xrsf-l2-avg1m_g19_d20260904_v2-2-1.nc,0.3,2026-09-04 00:00:00,2026-09-05 00:00:00,
goes_avg1m,sci_xrsf-l2-avg1m_g19_d20260905_v2-2-1.nc,data/raw/goes/avg1m/sci_xrsf-l2-avg1m_g19_d20260905_v2-2-1.nc,0.3,2026-09-05 00:00:00,2026-09-06 00:00:00,
goes_avg1m,sci_xrsf-l2-avg1m_g19_d20260906_v2-2-1.nc,data/raw/goes/avg1m/sci_xrsf-l2-avg1m_g19_d20260906_v2-2-1.nc,0.29,2026-09-06 00:00:00,2026-09-07 00:00:00,
goes_avg1m,sci_xrsf-l2-avg1m_g19_d20260907_v2-2-1.nc,data/raw/goes/avg1m/sci_xrsf-l2-avg1m_g19_d20260907_v2-2-1.nc,0.29,2026-09-07 00:00:00,2026-09-08 00:00:00,
goes_avg1m,sci_xrsf-l2-avg1m_g19_d20260908_v2-2-1.nc,data/raw/goes/avg1m/sci_xrsf-l2-avg1m_g19_d20260908_v2-2-1.nc,0.29,2026-09-08 00:00:00,2026-09-09 00:00:00,
goes_avg1m,sci_xrsf-l2-avg1m_g19_d20260909_v2-2-1.nc,data/raw/goes/avg1m/sci_xrsf-l2-avg1m_g19_d20260909_v2-2-1.nc,0.29,2026-09-09 00:00:00,2026-09-10 00:00:00,
goes_avg1m,sci_xrsf-l2-avg1m_g19_d20260910_v2-2-1.nc,data/raw/goes/avg1m/sci_xrsf-l2-avg1m_g19_d20260910_v2-2-1.nc,0.29,2026-09-10 00:00:00,2026-09-11 00:00:00,
goes_avg1m,sci_xrsf-l2-avg1m_g19_d20260911_v2-2-1.nc,data/raw/goes/avg1m/sci_xrsf-l2-avg1m_g19_d20260911_v2-2-1.nc,0.29,2026-09-11 00:00:00,2026-09-12 00:00:00,
goes_avg1m,sci_xrsf-l2-avg1m_g19_d20260912_v2-2-1.nc,data/raw/goes/avg1m/sci_xrsf-l2-avg1m_g19_d20260912_v2-2-1.nc,0.29,2026-09-12 00:00:00,2026-09-13 00:00:00,
goes_avg1m,sci_xrsf-l2-avg1m_g19_d20260913_v2-2-1.nc,data/raw/goes/avg1m/sci_xrsf-l2-avg1m_g19_d20260913_v2-2-1.nc,0.29,2026-09-13 00:00:00,2026-09-14 00:00:00,
goes_avg1m,sci_xrsf-l2-avg1m_g19_d20260914_v2-2-1.nc,data/raw/goes/avg1m/sci_xrsf-l2-avg1m_g19_d20260914_v2-2-1.nc,0.29,2026-09-14 00:00:00,2026-09-15 00:00:00,
goes_avg1m,sci_xrsf-l2-avg1m_g19_d20260915_v2-2-1.nc,data/raw/goes/avg1m/sci_xrsf-l2-avg1m_g19_d20260915_v2-2-1.nc,0.29,2026-09-15 00:00:00,2026-09-16 00:00:00,
goes_avg1m,sci_xrsf-l2-avg1m_g19_d20260916_v2-2-1.nc,data/raw/goes/avg1m/sci_xrsf-l2-avg1m_g19_d20260916_v2-2-1.nc,0.29,2026-09-16 00:00:00,2026-09-17 00:00:00,
goes_avg1m,sci_xrsf-l2-avg1m_g19_d20260917_v2-2-1.nc,data/raw/goes/avg1m/sci_xrsf-l2-avg1m_g19_d20260917_v2-2-1.nc,0.29,2026-09-17 00:00:00,2026-09-18 00:00:00,
goes_avg1m,sci_xrsf-l2-avg1m_g19_d20260918_v2-2-1.nc,data/raw/goes/avg1m/sci_xrsf-l2-avg1m_g19_d20260918_v2-2-1.nc,0.29,2026-09-18 00:00:00,2026-09-19 00:00:00,
goes_avg1m,sci_xrsf-l2-avg1m_g19_d20260919_v2-2-1.nc,data/raw/goes/avg1m/sci_xrsf-l2-avg1m_g19_d20260919_v2-2-1.nc,0.29,2026-09-19 00:00:00,2026-09-20 00:00:00,
goes_avg1m,sci_xrsf-l2-avg1m_g19_d20260920_v2-2-1.nc,data/raw/goes/avg1m/sci_xrsf-l2-avg1m_g19_d20260920_v2-2-1.nc,0.29,2026-09-20 00:00:00,2026-09-21 00:00:00,
goes_avg1m,sci_xrsf-l2-avg1m_g19_d20260921_v2-2-1.nc,data/raw/goes/avg1m/sci_xrsf-l2-avg1m_g19_d20260921_v2-2-1.nc,0.29,2026-09-21 00:00:00,2026-09-22 00:00:00,
goes_avg1m,sci_xrsf-l2-avg1m_g19_d20260922_v2-2-1.nc,data/raw/goes/avg1m/sci_xrsf-l2-avg1m_g19_d20260922_v2-2-1.nc,0.29,2026-09-22 00:00:00,2026-09-23 00:00:00,
goes_avg1m,sci_xrsf-l2-avg1m_g19_d20260923_v2-2-1.nc,data/raw/goes/avg1m/sci_xrsf-l2-avg1m_g19_d20260923_v2-2-1.nc,0.29,2026-09-23 00:00:00,2026-09-24 00:00:00,
goes_avg1m,sci_xrsf-l2-avg1m_g19_d20260924_v2-2-1.nc,data/raw/goes/avg1m/sci_xrsf-l2-avg1m_g19_d20260924_v2-2-1.nc,0.29,2026-09-24 00:00:00,2026-09-25 00:00:00,
goes_avg1m,sci_xrsf-l2-avg1m_g19_d20260925_v2-2-1.nc,data/raw/goes/avg1m/sci_xrsf-l2-avg1m_g19_d20260925_v2-2-1.nc,0.29,2026-09-25 00:00:00,2026-09-26 00:00:00,
goes_avg1m,sci_xrsf-l2-avg1m_g19_d20260926_v2-2-1.nc,data/raw/goes/avg1m/sci_xrsf-l2-avg1m_g19_d20260926_v2-2-1.nc,0.29,2026-09-26 00:00:00,2026-09-27 00:00:00,
goes_avg1m,sci_xrsf-l2-avg1m_g19_d20260927_v2-2-1.nc,data/raw/goes/avg1m/sci_xrsf-l2-avg1m_g19_d20260927_v2-2-1.nc,0.3,2026-09-27 00:00:00,2026-09-28 00:00:00,
goes_avg1m,sci_xrsf-l2-avg1m_g19_d20260928_v2-2-1.nc,data/raw/goes/avg1m/sci_xrsf-l2-avg1m_g19_d20260928_v2-2-1.nc,0.3,2026-09-28 00:00:00,2026-09-29 00:00:00,
goes_avg1m,sci_xrsf-l2-avg1m_g19_d20260929_v2-2-1.nc,data/raw/goes/avg1m/sci_xrsf-l2-avg1m_g19_d20260929_v2-2-1.nc,0.29,2026-09-29 00:00:00,2026-09-30 00:00:00,
goes_avg1m,sci_xrsf-l2-avg1m_g19_d20260930_v2-2-1.nc,data/raw/goes/avg1m/sci_xrsf-l2-avg1m_g19_d20260930_v2-2-1.nc,0.29,2026-09-30 00:00:00,2026-10-01 00:00:00,
goes_flsum,sci_xrsf-l2-flsum_g19_s20240920_e20261003_v2-2-1.nc,data/raw/goes/flsum/sci_xrsf-l2-flsum_g19_s20240920_e20261003_v2-2-1.nc,2.42,,,
hel1os,HLS_20260701_000011_43178sec_lev1_V111.zip,data/raw/hel1os/2026-07/HLS_20260701_000011_43178sec_lev1_V111.zip,60.36,2026-07-01 00:00:11,2026-07-01 11:59:49,
hel1os,HLS_20260701_120001_43199sec_lev1_V111.zip,data/raw/hel1os/2026-07/HLS_20260701_120001_43199sec_lev1_V111.zip,87.87,2026-07-01 12:00:01,2026-07-02 00:00:00,
hel1os,HLS_20260702_000005_43179sec_lev1_V111.zip,data/raw/hel1os/2026-07/HLS_20260702_000005_43179sec_lev1_V111.zip,58.67,2026-07-02 00:00:05,2026-07-02 11:59:44,
hel1os,HLS_20260702_120000_43191sec_lev1_V111.zip,data/raw/hel1os/2026-07/HLS_20260702_120000_43191sec_lev1_V111.zip,49.01,2026-07-02 12:00:00,2026-07-02 23:59:51,
hel1os,HLS_20260703_000008_43177sec_lev1_V111.zip,data/raw/hel1os/2026-07/HLS_20260703_000008_43177sec_lev1_V111.zip,49.64,2026-07-03 00:00:08,2026-07-03 11:59:45,
hel1os,HLS_20260703_121027_42576sec_lev1_V111.zip,data/raw/hel1os/2026-07/HLS_20260703_121027_42576sec_lev1_V111.zip,85.74,2026-07-03 12:10:27,2026-07-04 00:00:03,
hel1os,HLS_20260704_000005_43180sec_lev1_V111.zip,data/raw/hel1os/2026-07/HLS_20260704_000005_43180sec_lev1_V111.zip,65.24,2026-07-04 00:00:05,2026-07-04 11:59:45,
hel1os,HLS_20260704_000005_43180sec_lev1_V211.zip,data/raw/hel1os/2026-07/HLS_20260704_000005_43180sec_lev1_V211.zip,65.24,2026-07-04 00:00:05,2026-07-04 11:59:45,
hel1os,HLS_20260704_120001_43194sec_lev1_V111.zip,data/raw/hel1os/2026-07/HLS_20260704_120001_43194sec_lev1_V111.zip,76.38,2026-07-04 12:00:01,2026-07-04 23:59:55,
hel1os,HLS_20260704_120001_43194sec_lev1_V211.zip,data/raw/hel1os/2026-07/HLS_20260704_120001_43194sec_lev1_V211.zip,76.38,2026-07-04 12:00:01,2026-07-04 23:59:55,
hel1os,HLS_20260705_000010_6690sec_lev1_V111.zip,data/raw/hel1os/2026-07/HLS_20260705_000010_6690sec_lev1_V111.zip,7.92,2026-07-05 00:00:10,2026-07-05 01:51:40,
hel1os,HLS_20260705_030536_32057sec_lev1_V111.zip,data/raw/hel1os/2026-07/HLS_20260705_030536_32057sec_lev1_V111.zip,52.52,2026-07-05 03:05:36,2026-07-05 11:59:53,
hel1os,HLS_20260705_121028_42567sec_lev1_V111.zip,data/raw/hel1os/2026-07/HLS_20260705_121028_42567sec_lev1_V111.zip,58.2,2026-07-05 12:10:28,2026-07-05 23:59:55,
hel1os,HLS_20260706_000010_43181sec_lev1_V111.zip,data/raw/hel1os/2026-07/HLS_20260706_000010_43181sec_lev1_V111.zip,48.69,2026-07-06 00:00:10,2026-07-06 11:59:51,
hel1os,HLS_20260706_120007_43183sec_lev1_V111.zip,data/raw/hel1os/2026-07/HLS_20260706_120007_43183sec_lev1_V111.zip,47.45,2026-07-06 12:00:07,2026-07-06 23:59:50,
hel1os,HLS_20260707_000006_43184sec_lev1_V111.zip,data/raw/hel1os/2026-07/HLS_20260707_000006_43184sec_lev1_V111.zip,46.43,2026-07-07 00:00:06,2026-07-07 11:59:50,
hel1os,HLS_20260707_120006_43185sec_lev1_V111.zip,data/raw/hel1os/2026-07/HLS_20260707_120006_43185sec_lev1_V111.zip,49.84,2026-07-07 12:00:06,2026-07-07 23:59:51,
hel1os,HLS_20260708_000007_43181sec_lev1_V111.zip,data/raw/hel1os/2026-07/HLS_20260708_000007_43181sec_lev1_V111.zip,47.94,2026-07-08 00:00:07,2026-07-08 11:59:48,
hel1os,HLS_20260708_120005_43184sec_lev1_V111.zip,data/raw/hel1os/2026-07/HLS_20260708_120005_43184sec_lev1_V111.zip,47.73,2026-07-08 12:00:05,2026-07-08 23:59:49,
hel1os,HLS_20260709_000012_43176sec_lev1_V111.zip,data/raw/hel1os/2026-07/HLS_20260709_000012_43176sec_lev1_V111.zip,47.58,2026-07-09 00:00:12,2026-07-09 11:59:48,
hel1os,HLS_20260709_115950_43200sec_lev1_V111.zip,data/raw/hel1os/2026-07/HLS_20260709_115950_43200sec_lev1_V111.zip,46.99,2026-07-09 11:59:50,2026-07-09 23:59:50,
hel1os,HLS_20260709_122913_41437sec_lev1_V111.zip,data/raw/hel1os/2026-07/HLS_20260709_122913_41437sec_lev1_V111.zip,45.11,2026-07-09 12:29:13,2026-07-09 23:59:50,
hel1os,HLS_20260710_000005_43181sec_lev1_V111.zip,data/raw/hel1os/2026-07/HLS_20260710_000005_43181sec_lev1_V111.zip,45.29,2026-07-10 00:00:05,2026-07-10 11:59:46,
hel1os,HLS_20260710_120002_43192sec_lev1_V111.zip,data/raw/hel1os/2026-07/HLS_20260710_120002_43192sec_lev1_V111.zip,47.2,2026-07-10 12:00:02,2026-07-10 23:59:54,
hel1os,HLS_20260711_000008_43181sec_lev1_V111.zip,data/raw/hel1os/2026-07/HLS_20260711_000008_43181sec_lev1_V111.zip,47.08,2026-07-11 00:00:08,2026-07-11 11:59:49,
hel1os,HLS_20260711_114949_43808sec_lev1_V111.zip,data/raw/hel1os/2026-07/HLS_20260711_114949_43808sec_lev1_V111.zip,47.38,2026-07-11 11:49:49,2026-07-11 23:59:57,
hel1os,HLS_20260712_000012_43176sec_lev1_V111.zip,data/raw/hel1os/2026-07/HLS_20260712_000012_43176sec_lev1_V111.zip,49.24,2026-07-12 00:00:12,2026-07-12 11:59:48,
hel1os,HLS_20260712_114955_43800sec_lev1_V111.zip,data/raw/hel1os/2026-07/HLS_20260712_114955_43800sec_lev1_V111.zip,46.94,2026-07-12 11:49:55,2026-07-12 23:59:55,
hel1os,HLS_20260713_000011_43181sec_lev1_V111.zip,data/raw/hel1os/2026-07/HLS_20260713_000011_43181sec_lev1_V111.zip,46.95,2026-07-13 00:00:11,2026-07-13 11:59:52,
hel1os,HLS_20260713_120003_43186sec_lev1_V111.zip,data/raw/hel1os/2026-07/HLS_20260713_120003_43186sec_lev1_V111.zip,47.33,2026-07-13 12:00:03,2026-07-13 23:59:49,
hel1os,HLS_20260714_000005_43186sec_lev1_V111.zip,data/raw/hel1os/2026-07/HLS_20260714_000005_43186sec_lev1_V111.zip,47.27,2026-07-14 00:00:05,2026-07-14 11:59:51,
hel1os,HLS_20260715_000011_43174sec_lev1_V111.zip,data/raw/hel1os/2026-07/HLS_20260715_000011_43174sec_lev1_V111.zip,47.01,2026-07-15 00:00:11,2026-07-15 11:59:45,
hel1os,HLS_20260715_120002_43194sec_lev1_V111.zip,data/raw/hel1os/2026-07/HLS_20260715_120002_43194sec_lev1_V111.zip,47.64,2026-07-15 12:00:02,2026-07-15 23:59:56,
hel1os,HLS_20260716_000012_43175sec_lev1_V111.zip,data/raw/hel1os/2026-07/HLS_20260716_000012_43175sec_lev1_V111.zip,46.82,2026-07-16 00:00:12,2026-07-16 11:59:47,
hel1os,HLS_20260716_121027_42565sec_lev1_V111.zip,data/raw/hel1os/2026-07/HLS_20260716_121027_42565sec_lev1_V111.zip,47.0,2026-07-16 12:10:27,2026-07-16 23:59:52,
hel1os,HLS_20260717_000009_43182sec_lev1_V111.zip,data/raw/hel1os/2026-07/HLS_20260717_000009_43182sec_lev1_V111.zip,47.18,2026-07-17 00:00:09,2026-07-17 11:59:51,
hel1os,HLS_20260717_120006_43190sec_lev1_V111.zip,data/raw/hel1os/2026-07/HLS_20260717_120006_43190sec_lev1_V111.zip,47.16,2026-07-17 12:00:06,2026-07-17 23:59:56,
hel1os,HLS_20260718_000010_43175sec_lev1_V111.zip,data/raw/hel1os/2026-07/HLS_20260718_000010_43175sec_lev1_V111.zip,47.18,2026-07-18 00:00:10,2026-07-18 11:59:45,
hel1os,HLS_20260718_120001_43189sec_lev1_V111.zip,data/raw/hel1os/2026-07/HLS_20260718_120001_43189sec_lev1_V111.zip,47.26,2026-07-18 12:00:01,2026-07-18 23:59:50,
hel1os,HLS_20260719_000005_43179sec_lev1_V111.zip,data/raw/hel1os/2026-07/HLS_20260719_000005_43179sec_lev1_V111.zip,47.22,2026-07-19 00:00:05,2026-07-19 11:59:44,
hel1os,HLS_20260720_000012_43177sec_lev1_V111.zip,data/raw/hel1os/2026-07/HLS_20260720_000012_43177sec_lev1_V111.zip,47.68,2026-07-20 00:00:12,2026-07-20 11:59:49,
hel1os,HLS_20260720_114956_43798sec_lev1_V111.zip,data/raw/hel1os/2026-07/HLS_20260720_114956_43798sec_lev1_V111.zip,56.43,2026-07-20 11:49:56,2026-07-20 23:59:54,
hel1os,HLS_20260721_000009_43178sec_lev1_V111.zip,data/raw/hel1os/2026-07/HLS_20260721_000009_43178sec_lev1_V111.zip,49.93,2026-07-21 00:00:09,2026-07-21 11:59:47,
hel1os,HLS_20260721_120003_43189sec_lev1_V111.zip,data/raw/hel1os/2026-07/HLS_20260721_120003_43189sec_lev1_V111.zip,51.17,2026-07-21 12:00:03,2026-07-21 23:59:52,
hel1os,HLS_20260722_000006_43184sec_lev1_V111.zip,data/raw/hel1os/2026-07/HLS_20260722_000006_43184sec_lev1_V111.zip,52.77,2026-07-22 00:00:06,2026-07-22 11:59:50,
hel1os,HLS_20260722_121027_42566sec_lev1_V111.zip,data/raw/hel1os/2026-07/HLS_20260722_121027_42566sec_lev1_V111.zip,48.85,2026-07-22 12:10:27,2026-07-22 23:59:53,
hel1os,HLS_20260723_000007_43181sec_lev1_V111.zip,data/raw/hel1os/2026-07/HLS_20260723_000007_43181sec_lev1_V111.zip,48.46,2026-07-23 00:00:07,2026-07-23 11:59:48,
hel1os,HLS_20260723_120005_43185sec_lev1_V111.zip,data/raw/hel1os/2026-07/HLS_20260723_120005_43185sec_lev1_V111.zip,47.96,2026-07-23 12:00:05,2026-07-23 23:59:50,
hel1os,HLS_20260724_120004_43189sec_lev1_V111.zip,data/raw/hel1os/2026-07/HLS_20260724_120004_43189sec_lev1_V111.zip,47.84,2026-07-24 12:00:04,2026-07-24 23:59:53,
hel1os,HLS_20260725_000008_43178sec_lev1_V111.zip,data/raw/hel1os/2026-07/HLS_20260725_000008_43178sec_lev1_V111.zip,47.88,2026-07-25 00:00:08,2026-07-25 11:59:46,
hel1os,HLS_20260725_120001_43195sec_lev1_V111.zip,data/raw/hel1os/2026-07/HLS_20260725_120001_43195sec_lev1_V111.zip,48.09,2026-07-25 12:00:01,2026-07-25 23:59:56,
hel1os,HLS_20260726_000010_43179sec_lev1_V111.zip,data/raw/hel1os/2026-07/HLS_20260726_000010_43179sec_lev1_V111.zip,48.29,2026-07-26 00:00:10,2026-07-26 11:59:49,
hel1os,HLS_20260726_121027_42564sec_lev1_V111.zip,data/raw/hel1os/2026-07/HLS_20260726_121027_42564sec_lev1_V111.zip,51.54,2026-07-26 12:10:27,2026-07-26 23:59:51,
hel1os,HLS_20260727_000009_43178sec_lev1_V111.zip,data/raw/hel1os/2026-07/HLS_20260727_000009_43178sec_lev1_V111.zip,49.01,2026-07-27 00:00:09,2026-07-27 11:59:47,
hel1os,HLS_20260727_120004_43192sec_lev1_V111.zip,data/raw/hel1os/2026-07/HLS_20260727_120004_43192sec_lev1_V111.zip,48.34,2026-07-27 12:00:04,2026-07-27 23:59:56,
hel1os,HLS_20260728_000011_43176sec_lev1_V111.zip,data/raw/hel1os/2026-07/HLS_20260728_000011_43176sec_lev1_V111.zip,48.27,2026-07-28 00:00:11,2026-07-28 11:59:47,
hel1os,HLS_20260728_120003_43194sec_lev1_V111.zip,data/raw/hel1os/2026-07/HLS_20260728_120003_43194sec_lev1_V111.zip,48.04,2026-07-28 12:00:03,2026-07-28 23:59:57,
hel1os,HLS_20260729_000010_43176sec_lev1_V111.zip,data/raw/hel1os/2026-07/HLS_20260729_000010_43176sec_lev1_V111.zip,48.35,2026-07-29 00:00:10,2026-07-29 11:59:46,
hel1os,HLS_20260729_114949_43803sec_lev1_V111.zip,data/raw/hel1os/2026-07/HLS_20260729_114949_43803sec_lev1_V111.zip,48.51,2026-07-29 11:49:49,2026-07-29 23:59:52,
hel1os,HLS_20260730_000007_43178sec_lev1_V111.zip,data/raw/hel1os/2026-07/HLS_20260730_000007_43178sec_lev1_V111.zip,49.04,2026-07-30 00:00:07,2026-07-30 11:59:45,
hel1os,HLS_20260730_115959_43199sec_lev1_V111.zip,data/raw/hel1os/2026-07/HLS_20260730_115959_43199sec_lev1_V111.zip,80.26,2026-07-30 11:59:59,2026-07-30 23:59:58,
hel1os,HLS_20260801_000009_43175sec_lev1_V111.zip,data/raw/hel1os/2026-08/HLS_20260801_000009_43175sec_lev1_V111.zip,52.31,2026-08-01 00:00:09,2026-08-01 11:59:44,
hel1os,HLS_20260801_115959_43195sec_lev1_V111.zip,data/raw/hel1os/2026-08/HLS_20260801_115959_43195sec_lev1_V111.zip,49.4,2026-08-01 11:59:59,2026-08-01 23:59:54,
hel1os,HLS_20260802_000007_43186sec_lev1_V111.zip,data/raw/hel1os/2026-08/HLS_20260802_000007_43186sec_lev1_V111.zip,48.96,2026-08-02 00:00:07,2026-08-02 11:59:53,
hel1os,HLS_20260802_120007_43188sec_lev1_V111.zip,data/raw/hel1os/2026-08/HLS_20260802_120007_43188sec_lev1_V111.zip,47.95,2026-08-02 12:00:07,2026-08-02 23:59:55,
hel1os,HLS_20260803_000011_43174sec_lev1_V111.zip,data/raw/hel1os/2026-08/HLS_20260803_000011_43174sec_lev1_V111.zip,47.51,2026-08-03 00:00:11,2026-08-03 11:59:45,
hel1os,HLS_20260803_120001_43188sec_lev1_V111.zip,data/raw/hel1os/2026-08/HLS_20260803_120001_43188sec_lev1_V111.zip,46.98,2026-08-03 12:00:01,2026-08-03 23:59:49,
hel1os,HLS_20260804_000005_43184sec_lev1_V111.zip,data/raw/hel1os/2026-08/HLS_20260804_000005_43184sec_lev1_V111.zip,47.05,2026-08-04 00:00:05,2026-08-04 11:59:49,
hel1os,HLS_20260804_114956_43801sec_lev1_V111.zip,data/raw/hel1os/2026-08/HLS_20260804_114956_43801sec_lev1_V111.zip,47.31,2026-08-04 11:49:56,2026-08-04 23:59:57,
hel1os,HLS_20260805_000011_43178sec_lev1_V111.zip,data/raw/hel1os/2026-08/HLS_20260805_000011_43178sec_lev1_V111.zip,47.28,2026-08-05 00:00:11,2026-08-05 11:59:49,
hel1os,HLS_20260805_114953_43802sec_lev1_V111.zip,data/raw/hel1os/2026-08/HLS_20260805_114953_43802sec_lev1_V111.zip,47.26,2026-08-05 11:49:53,2026-08-05 23:59:55,
hel1os,HLS_20260806_000011_43176sec_lev1_V111.zip,data/raw/hel1os/2026-08/HLS_20260806_000011_43176sec_lev1_V111.zip,47.5,2026-08-06 00:00:11,2026-08-06 11:59:47,
hel1os,HLS_20260806_121028_42567sec_lev1_V111.zip,data/raw/hel1os/2026-08/HLS_20260806_121028_42567sec_lev1_V111.zip,47.63,2026-08-06 12:10:28,2026-08-06 23:59:55,
hel1os,HLS_20260807_000006_43178sec_lev1_V111.zip,data/raw/hel1os/2026-08/HLS_20260807_000006_43178sec_lev1_V111.zip,47.97,2026-08-07 00:00:06,2026-08-07 11:59:44,
hel1os,HLS_20260807_121027_42564sec_lev1_V111.zip,data/raw/hel1os/2026-08/HLS_20260807_121027_42564sec_lev1_V111.zip,47.91,2026-08-07 12:10:27,2026-08-07 23:59:51,
hel1os,HLS_20260808_000006_43183sec_lev1_V111.zip,data/raw/hel1os/2026-08/HLS_20260808_000006_43183sec_lev1_V111.zip,48.19,2026-08-08 00:00:06,2026-08-08 11:59:49,
hel1os,HLS_20260808_120005_43188sec_lev1_V111.zip,data/raw/hel1os/2026-08/HLS_20260808_120005_43188sec_lev1_V111.zip,48.12,2026-08-08 12:00:05,2026-08-08 23:59:53,
hel1os,HLS_20260809_000008_43183sec_lev1_V111.zip,data/raw/hel1os/2026-08/HLS_20260809_000008_43183sec_lev1_V111.zip,48.12,2026-08-09 00:00:08,2026-08-09 11:59:51,
hel1os,HLS_20260809_120004_43190sec_lev1_V111.zip,data/raw/hel1os/2026-08/HLS_20260809_120004_43190sec_lev1_V111.zip,48.55,2026-08-09 12:00:04,2026-08-09 23:59:54,
hel1os,HLS_20260810_000010_43174sec_lev1_V211.zip,data/raw/hel1os/2026-08/HLS_20260810_000010_43174sec_lev1_V211.zip,48.39,2026-08-10 00:00:10,2026-08-10 11:59:44,
hel1os,HLS_20260810_000010_43174sec_lev1_V212.zip,data/raw/hel1os/2026-08/HLS_20260810_000010_43174sec_lev1_V212.zip,48.39,2026-08-10 00:00:10,2026-08-10 11:59:44,
hel1os,HLS_20260810_120000_43194sec_lev1_V211.zip,data/raw/hel1os/2026-08/HLS_20260810_120000_43194sec_lev1_V211.zip,48.73,2026-08-10 12:00:00,2026-08-10 23:59:54,
hel1os,HLS_20260810_120000_43194sec_lev1_V212.zip,data/raw/hel1os/2026-08/HLS_20260810_120000_43194sec_lev1_V212.zip,48.73,2026-08-10 12:00:00,2026-08-10 23:59:54,
hel1os,HLS_20260811_000009_43179sec_lev1_V111.zip,data/raw/hel1os/2026-08/HLS_20260811_000009_43179sec_lev1_V111.zip,48.63,2026-08-11 00:00:09,2026-08-11 11:59:48,
hel1os,HLS_20260811_000041_19342sec_lev1_V211.zip,data/raw/hel1os/2026-08/HLS_20260811_000041_19342sec_lev1_V211.zip,21.83,2026-08-11 00:00:41,2026-08-11 05:23:03,
hel1os,HLS_20260811_000041_19342sec_lev1_V212.zip,data/raw/hel1os/2026-08/HLS_20260811_000041_19342sec_lev1_V212.zip,21.83,2026-08-11 00:00:41,2026-08-11 05:23:03,
hel1os,HLS_20260811_120004_43187sec_lev1_V311.zip,data/raw/hel1os/2026-08/HLS_20260811_120004_43187sec_lev1_V311.zip,48.61,2026-08-11 12:00:04,2026-08-11 23:59:51,
hel1os,HLS_20260811_120004_43187sec_lev1_V312.zip,data/raw/hel1os/2026-08/HLS_20260811_120004_43187sec_lev1_V312.zip,48.61,2026-08-11 12:00:04,2026-08-11 23:59:51,
hel1os,HLS_20260812_000012_43177sec_lev1_V111.zip,data/raw/hel1os/2026-08/HLS_20260812_000012_43177sec_lev1_V111.zip,48.4,2026-08-12 00:00:12,2026-08-12 11:59:49,
hel1os,HLS_20260812_120001_43188sec_lev1_V111.zip,data/raw/hel1os/2026-08/HLS_20260812_120001_43188sec_lev1_V111.zip,48.38,2026-08-12 12:00:01,2026-08-12 23:59:49,
hel1os,HLS_20260813_000005_43179sec_lev1_V111.zip,data/raw/hel1os/2026-08/HLS_20260813_000005_43179sec_lev1_V111.zip,48.72,2026-08-13 00:00:05,2026-08-13 11:59:44,
hel1os,HLS_20260814_000010_43178sec_lev1_V111.zip,data/raw/hel1os/2026-08/HLS_20260814_000010_43178sec_lev1_V111.zip,49.3,2026-08-14 00:00:10,2026-08-14 11:59:48,
hel1os,HLS_20260814_120004_43186sec_lev1_V111.zip,data/raw/hel1os/2026-08/HLS_20260814_120004_43186sec_lev1_V111.zip,49.0,2026-08-14 12:00:04,2026-08-14 23:59:50,
hel1os,HLS_20260901_000010_43181sec_lev1_V111.zip,data/raw/hel1os/2026-09/HLS_20260901_000010_43181sec_lev1_V111.zip,49.33,2026-09-01 00:00:10,2026-09-01 11:59:51,
hel1os,HLS_20260901_121028_42567sec_lev1_V111.zip,data/raw/hel1os/2026-09/HLS_20260901_121028_42567sec_lev1_V111.zip,49.56,2026-09-01 12:10:28,2026-09-01 23:59:55,
hel1os,HLS_20260902_000011_43180sec_lev1_V111.zip,data/raw/hel1os/2026-09/HLS_20260902_000011_43180sec_lev1_V111.zip,49.5,2026-09-02 00:00:11,2026-09-02 11:59:51,
hel1os,HLS_20260902_120007_43187sec_lev1_V111.zip,data/raw/hel1os/2026-09/HLS_20260902_120007_43187sec_lev1_V111.zip,56.98,2026-09-02 12:00:07,2026-09-02 23:59:54,
hel1os,HLS_20260903_000009_43186sec_lev1_V111.zip,data/raw/hel1os/2026-09/HLS_20260903_000009_43186sec_lev1_V111.zip,49.75,2026-09-03 00:00:09,2026-09-03 11:59:55,
hel1os,HLS_20260903_120005_43190sec_lev1_V111.zip,data/raw/hel1os/2026-09/HLS_20260903_120005_43190sec_lev1_V111.zip,51.4,2026-09-03 12:00:05,2026-09-03 23:59:55,
hel1os,HLS_20260904_000011_43175sec_lev1_V111.zip,data/raw/hel1os/2026-09/HLS_20260904_000011_43175sec_lev1_V111.zip,51.05,2026-09-04 00:00:11,2026-09-04 11:59:46,
hel1os,HLS_20260904_121027_42566sec_lev1_V111.zip,data/raw/hel1os/2026-09/HLS_20260904_121027_42566sec_lev1_V111.zip,50.61,2026-09-04 12:10:27,2026-09-04 23:59:53,
hel1os,HLS_20260905_000005_43181sec_lev1_V111.zip,data/raw/hel1os/2026-09/HLS_20260905_000005_43181sec_lev1_V111.zip,50.31,2026-09-05 00:00:05,2026-09-05 11:59:46,
hel1os,HLS_20260905_120001_43193sec_lev1_V111.zip,data/raw/hel1os/2026-09/HLS_20260905_120001_43193sec_lev1_V111.zip,76.91,2026-09-05 12:00:01,2026-09-05 23:59:54,
hel1os,HLS_20260906_000008_43181sec_lev1_V111.zip,data/raw/hel1os/2026-09/HLS_20260906_000008_43181sec_lev1_V111.zip,53.37,2026-09-06 00:00:08,2026-09-06 11:59:49,
hel1os,HLS_20260906_114952_43795sec_lev1_V111.zip,data/raw/hel1os/2026-09/HLS_20260906_114952_43795sec_lev1_V111.zip,50.95,2026-09-06 11:49:52,2026-09-06 23:59:47,
hel1os,HLS_20260906_235953_43195sec_lev1_V111.zip,data/raw/hel1os/2026-09/HLS_20260906_235953_43195sec_lev1_V111.zip,50.2,2026-09-06 23:59:53,2026-09-07 11:59:48,
hel1os,HLS_20260907_115951_43202sec_lev1_V111.zip,data/raw/hel1os/2026-09/HLS_20260907_115951_43202sec_lev1_V111.zip,48.94,2026-09-07 11:59:51,2026-09-07 23:59:53,
hel1os,HLS_20260908_000009_43175sec_lev1_V111.zip,data/raw/hel1os/2026-09/HLS_20260908_000009_43175sec_lev1_V111.zip,48.28,2026-09-08 00:00:09,2026-09-08 11:59:44,
hel1os,HLS_20260908_120000_43187sec_lev1_V111.zip,data/raw/hel1os/2026-09/HLS_20260908_120000_43187sec_lev1_V111.zip,48.89,2026-09-08 12:00:00,2026-09-08 23:59:47,
hel1os,HLS_20260909_000012_43178sec_lev1_V111.zip,data/raw/hel1os/2026-09/HLS_20260909_000012_43178sec_lev1_V111.zip,48.4,2026-09-09 00:00:12,2026-09-09 11:59:50,
hel1os,HLS_20260909_120005_43189sec_lev1_V111.zip,data/raw/hel1os/2026-09/HLS_20260909_120005_43189sec_lev1_V111.zip,47.97,2026-09-09 12:00:05,2026-09-09 23:59:54,
hel1os,HLS_20260909_235954_43193sec_lev1_V111.zip,data/raw/hel1os/2026-09/HLS_20260909_235954_43193sec_lev1_V111.zip,48.01,2026-09-09 23:59:54,2026-09-10 11:59:47,
hel1os,HLS_20260910_120003_43189sec_lev1_V111.zip,data/raw/hel1os/2026-09/HLS_20260910_120003_43189sec_lev1_V111.zip,47.97,2026-09-10 12:00:03,2026-09-10 23:59:52,
hel1os,HLS_20260911_000007_43183sec_lev1_V111.zip,data/raw/hel1os/2026-09/HLS_20260911_000007_43183sec_lev1_V111.zip,47.89,2026-09-11 00:00:07,2026-09-11 11:59:50,
hel1os,HLS_20260911_120003_43195sec_lev1_V111.zip,data/raw/hel1os/2026-09/HLS_20260911_120003_43195sec_lev1_V111.zip,48.16,2026-09-11 12:00:03,2026-09-11 23:59:58,
hel1os,HLS_20260912_000012_43177sec_lev1_V111.zip,data/raw/hel1os/2026-09/HLS_20260912_000012_43177sec_lev1_V111.zip,48.28,2026-09-12 00:00:12,2026-09-12 11:59:49,
hel1os,HLS_20260912_120004_43192sec_lev1_V111.zip,data/raw/hel1os/2026-09/HLS_20260912_120004_43192sec_lev1_V111.zip,48.76,2026-09-12 12:00:04,2026-09-12 23:59:56,
hel1os,HLS_20260913_000011_43182sec_lev1_V111.zip,data/raw/hel1os/2026-09/HLS_20260913_000011_43182sec_lev1_V111.zip,48.73,2026-09-13 00:00:11,2026-09-13 11:59:53,
hel1os,HLS_20260913_121028_42567sec_lev1_V111.zip,data/raw/hel1os/2026-09/HLS_20260913_121028_42567sec_lev1_V111.zip,48.88,2026-09-13 12:10:28,2026-09-13 23:59:55,
hel1os,HLS_20260914_000009_43177sec_lev1_V111.zip,data/raw/hel1os/2026-09/HLS_20260914_000009_43177sec_lev1_V111.zip,54.09,2026-09-14 00:00:09,2026-09-14 11:59:46,
hel1os,HLS_20260914_115948_43200sec_lev1_V111.zip,data/raw/hel1os/2026-09/HLS_20260914_115948_43200sec_lev1_V111.zip,52.95,2026-09-14 11:59:48,2026-09-14 23:59:48,
solexs,AL1_SLX_L1_20260701_v1.0.zip,data/raw/solexs/2026-07/AL1_SLX_L1_20260701_v1.0.zip,7.66,2026-07-01 00:00:00,2026-07-02 00:00:00,
solexs,AL1_SLX_L1_20260702_v1.0.zip,data/raw/solexs/2026-07/AL1_SLX_L1_20260702_v1.0.zip,7.25,2026-07-02 00:00:00,2026-07-03 00:00:00,
solexs,AL1_SLX_L1_20260703_v1.0.zip,data/raw/solexs/2026-07/AL1_SLX_L1_20260703_v1.0.zip,7.82,2026-07-03 00:00:00,2026-07-04 00:00:00,
solexs,AL1_SLX_L1_20260704_v1.0.zip,data/raw/solexs/2026-07/AL1_SLX_L1_20260704_v1.0.zip,9.12,2026-07-04 00:00:00,2026-07-05 00:00:00,
solexs,AL1_SLX_L1_20260705_v1.0.zip,data/raw/solexs/2026-07/AL1_SLX_L1_20260705_v1.0.zip,7.88,2026-07-05 00:00:00,2026-07-06 00:00:00,
solexs,AL1_SLX_L1_20260706_v1.0.zip,data/raw/solexs/2026-07/AL1_SLX_L1_20260706_v1.0.zip,6.57,2026-07-06 00:00:00,2026-07-07 00:00:00,
solexs,AL1_SLX_L1_20260707_v1.0.zip,data/raw/solexs/2026-07/AL1_SLX_L1_20260707_v1.0.zip,4.32,2026-07-07 00:00:00,2026-07-08 00:00:00,
solexs,AL1_SLX_L1_20260708_v1.0.zip,data/raw/solexs/2026-07/AL1_SLX_L1_20260708_v1.0.zip,3.53,2026-07-08 00:00:00,2026-07-09 00:00:00,
solexs,AL1_SLX_L1_20260709_v1.0.zip,data/raw/solexs/2026-07/AL1_SLX_L1_20260709_v1.0.zip,3.05,2026-07-09 00:00:00,2026-07-10 00:00:00,
solexs,AL1_SLX_L1_20260710_v1.0.zip,data/raw/solexs/2026-07/AL1_SLX_L1_20260710_v1.0.zip,3.06,2026-07-10 00:00:00,2026-07-11 00:00:00,
solexs,AL1_SLX_L1_20260711_v1.0.zip,data/raw/solexs/2026-07/AL1_SLX_L1_20260711_v1.0.zip,2.93,2026-07-11 00:00:00,2026-07-12 00:00:00,
solexs,AL1_SLX_L1_20260712_v1.0.zip,data/raw/solexs/2026-07/AL1_SLX_L1_20260712_v1.0.zip,4.13,2026-07-12 00:00:00,2026-07-13 00:00:00,
solexs,AL1_SLX_L1_20260713_v1.0.zip,data/raw/solexs/2026-07/AL1_SLX_L1_20260713_v1.0.zip,2.96,2026-07-13 00:00:00,2026-07-14 00:00:00,
solexs,AL1_SLX_L1_20260714_v1.0.zip,data/raw/solexs/2026-07/AL1_SLX_L1_20260714_v1.0.zip,1.56,2026-07-14 00:00:00,2026-07-15 00:00:00,
solexs,AL1_SLX_L1_20260715_v1.0.zip,data/raw/solexs/2026-07/AL1_SLX_L1_20260715_v1.0.zip,3.52,2026-07-15 00:00:00,2026-07-16 00:00:00,
solexs,AL1_SLX_L1_20260716_v1.0.zip,data/raw/solexs/2026-07/AL1_SLX_L1_20260716_v1.0.zip,3.17,2026-07-16 00:00:00,2026-07-17 00:00:00,
solexs,AL1_SLX_L1_20260717_v1.0.zip,data/raw/solexs/2026-07/AL1_SLX_L1_20260717_v1.0.zip,1.0,2026-07-17 00:00:00,2026-07-18 00:00:00,
solexs,AL1_SLX_L1_20260718_v1.0.zip,data/raw/solexs/2026-07/AL1_SLX_L1_20260718_v1.0.zip,3.75,2026-07-18 00:00:00,2026-07-19 00:00:00,
solexs,AL1_SLX_L1_20260719_v1.0.zip,data/raw/solexs/2026-07/AL1_SLX_L1_20260719_v1.0.zip,3.82,2026-07-19 00:00:00,2026-07-20 00:00:00,
solexs,AL1_SLX_L1_20260720_v1.0.zip,data/raw/solexs/2026-07/AL1_SLX_L1_20260720_v1.0.zip,5.16,2026-07-20 00:00:00,2026-07-21 00:00:00,
solexs,AL1_SLX_L1_20260721_v1.0.zip,data/raw/solexs/2026-07/AL1_SLX_L1_20260721_v1.0.zip,5.65,2026-07-21 00:00:00,2026-07-22 00:00:00,
solexs,AL1_SLX_L1_20260722_v1.0.zip,data/raw/solexs/2026-07/AL1_SLX_L1_20260722_v1.0.zip,4.45,2026-07-22 00:00:00,2026-07-23 00:00:00,
solexs,AL1_SLX_L1_20260723_v1.0.zip,data/raw/solexs/2026-07/AL1_SLX_L1_20260723_v1.0.zip,4.01,2026-07-23 00:00:00,2026-07-24 00:00:00,
solexs,AL1_SLX_L1_20260724_v1.0.zip,data/raw/solexs/2026-07/AL1_SLX_L1_20260724_v1.0.zip,2.19,2026-07-24 00:00:00,2026-07-25 00:00:00,
solexs,AL1_SLX_L1_20260725_v1.0.zip,data/raw/solexs/2026-07/AL1_SLX_L1_20260725_v1.0.zip,3.77,2026-07-25 00:00:00,2026-07-26 00:00:00,
solexs,AL1_SLX_L1_20260726_v1.0.zip,data/raw/solexs/2026-07/AL1_SLX_L1_20260726_v1.0.zip,4.05,2026-07-26 00:00:00,2026-07-27 00:00:00,
solexs,AL1_SLX_L1_20260727_v1.0.zip,data/raw/solexs/2026-07/AL1_SLX_L1_20260727_v1.0.zip,4.13,2026-07-27 00:00:00,2026-07-28 00:00:00,
solexs,AL1_SLX_L1_20260728_v1.0.zip,data/raw/solexs/2026-07/AL1_SLX_L1_20260728_v1.0.zip,3.96,2026-07-28 00:00:00,2026-07-29 00:00:00,
solexs,AL1_SLX_L1_20260729_v1.0.zip,data/raw/solexs/2026-07/AL1_SLX_L1_20260729_v1.0.zip,4.06,2026-07-29 00:00:00,2026-07-30 00:00:00,
solexs,AL1_SLX_L1_20260730_v1.0.zip,data/raw/solexs/2026-07/AL1_SLX_L1_20260730_v1.0.zip,5.05,2026-07-30 00:00:00,2026-07-31 00:00:00,
solexs,AL1_SLX_L1_20260731_v1.0.zip,data/raw/solexs/2026-07/AL1_SLX_L1_20260731_v1.0.zip,4.32,2026-07-31 00:00:00,2026-08-01 00:00:00,
solexs,AL1_SLX_L1_20260801_v1.0.zip,data/raw/solexs/2026-08/AL1_SLX_L1_20260801_v1.0.zip,3.61,2026-08-01 00:00:00,2026-08-02 00:00:00,
solexs,AL1_SLX_L1_20260802_v1.0.zip,data/raw/solexs/2026-08/AL1_SLX_L1_20260802_v1.0.zip,3.45,2026-08-02 00:00:00,2026-08-03 00:00:00,
solexs,AL1_SLX_L1_20260803_v1.0.zip,data/raw/solexs/2026-08/AL1_SLX_L1_20260803_v1.0.zip,3.18,2026-08-03 00:00:00,2026-08-04 00:00:00,
solexs,AL1_SLX_L1_20260804_v1.0.zip,data/raw/solexs/2026-08/AL1_SLX_L1_20260804_v1.0.zip,2.89,2026-08-04 00:00:00,2026-08-05 00:00:00,
solexs,AL1_SLX_L1_20260805_v1.0.zip,data/raw/solexs/2026-08/AL1_SLX_L1_20260805_v1.0.zip,2.57,2026-08-05 00:00:00,2026-08-06 00:00:00,
solexs,AL1_SLX_L1_20260806_v1.0.zip,data/raw/solexs/2026-08/AL1_SLX_L1_20260806_v1.0.zip,2.33,2026-08-06 00:00:00,2026-08-07 00:00:00,
solexs,AL1_SLX_L1_20260807_v1.0.zip,data/raw/solexs/2026-08/AL1_SLX_L1_20260807_v1.0.zip,2.33,2026-08-07 00:00:00,2026-08-08 00:00:00,
solexs,AL1_SLX_L1_20260808_v1.0.zip,data/raw/solexs/2026-08/AL1_SLX_L1_20260808_v1.0.zip,2.17,2026-08-08 00:00:00,2026-08-09 00:00:00,
solexs,AL1_SLX_L1_20260809_v1.0.zip,data/raw/solexs/2026-08/AL1_SLX_L1_20260809_v1.0.zip,2.69,2026-08-09 00:00:00,2026-08-10 00:00:00,
solexs,AL1_SLX_L1_20260813_v1.0.zip,data/raw/solexs/2026-08/AL1_SLX_L1_20260813_v1.0.zip,2.55,2026-08-13 00:00:00,2026-08-14 00:00:00,
solexs,AL1_SLX_L1_20260814_v1.0.zip,data/raw/solexs/2026-08/AL1_SLX_L1_20260814_v1.0.zip,3.11,2026-08-14 00:00:00,2026-08-15 00:00:00,
solexs,AL1_SLX_L1_20260815_v1.0.zip,data/raw/solexs/2026-08/AL1_SLX_L1_20260815_v1.0.zip,2.99,2026-08-15 00:00:00,2026-08-16 00:00:00,
solexs,AL1_SLX_L1_20260901_v1.0.zip,data/raw/solexs/2026-09/AL1_SLX_L1_20260901_v1.0.zip,2.92,2026-09-01 00:00:00,2026-09-02 00:00:00,
solexs,AL1_SLX_L1_20260902_v1.0.zip,data/raw/solexs/2026-09/AL1_SLX_L1_20260902_v1.0.zip,3.54,2026-09-02 00:00:00,2026-09-03 00:00:00,
solexs,AL1_SLX_L1_20260903_v1.0.zip,data/raw/solexs/2026-09/AL1_SLX_L1_20260903_v1.0.zip,4.06,2026-09-03 00:00:00,2026-09-04 00:00:00,
solexs,AL1_SLX_L1_20260904_v1.0.zip,data/raw/solexs/2026-09/AL1_SLX_L1_20260904_v1.0.zip,4.21,2026-09-04 00:00:00,2026-09-05 00:00:00,
solexs,AL1_SLX_L1_20260905_v1.0.zip,data/raw/solexs/2026-09/AL1_SLX_L1_20260905_v1.0.zip,3.15,2026-09-05 00:00:00,2026-09-06 00:00:00,
solexs,AL1_SLX_L1_20260906_v1.0.zip,data/raw/solexs/2026-09/AL1_SLX_L1_20260906_v1.0.zip,2.8,2026-09-06 00:00:00,2026-09-07 00:00:00,
solexs,AL1_SLX_L1_20260907_v1.0.zip,data/raw/solexs/2026-09/AL1_SLX_L1_20260907_v1.0.zip,2.75,2026-09-07 00:00:00,2026-09-08 00:00:00,
solexs,AL1_SLX_L1_20260908_v1.0.zip,data/raw/solexs/2026-09/AL1_SLX_L1_20260908_v1.0.zip,2.68,2026-09-08 00:00:00,2026-09-09 00:00:00,
solexs,AL1_SLX_L1_20260909_v1.0.zip,data/raw/solexs/2026-09/AL1_SLX_L1_20260909_v1.0.zip,2.75,2026-09-09 00:00:00,2026-09-10 00:00:00,
solexs,AL1_SLX_L1_20260910_v1.0.zip,data/raw/solexs/2026-09/AL1_SLX_L1_20260910_v1.0.zip,2.67,2026-09-10 00:00:00,2026-09-11 00:00:00,
solexs,AL1_SLX_L1_20260911_v1.0.zip,data/raw/solexs/2026-09/AL1_SLX_L1_20260911_v1.0.zip,2.4,2026-09-11 00:00:00,2026-09-12 00:00:00,
solexs,AL1_SLX_L1_20260912_v1.0.zip,data/raw/solexs/2026-09/AL1_SLX_L1_20260912_v1.0.zip,2.6,2026-09-12 00:00:00,2026-09-13 00:00:00,
solexs,AL1_SLX_L1_20260913_v1.0.zip,data/raw/solexs/2026-09/AL1_SLX_L1_20260913_v1.0.zip,2.63,2026-09-13 00:00:00,2026-09-14 00:00:00,
solexs,AL1_SLX_L1_20260914_v1.0.zip,data/raw/solexs/2026-09/AL1_SLX_L1_20260914_v1.0.zip,2.5,2026-09-14 00:00:00,2026-09-15 00:00:00,
solexs,AL1_SLX_L1_20260915_v1.0.zip,data/raw/solexs/2026-09/AL1_SLX_L1_20260915_v1.0.zip,2.26,2026-09-15 00:00:00,2026-09-16 00:00:00,
